{
  "best_reward": 1705.8393457936243,
  "rewards_history": [
    1120.2659991817204,
    209.82109885041237,
    791.3781201072791,
    1780.8401364893114,
    1359.6704558325846,
    1776.7191000165235,
    1519.909738157035,
    330.8905236246452,
    299.8179301123223,
    1212.1532246405181,
    1305.4338069408393,
    1629.1328512431228,
    1698.7680508777248,
    2057.065732502414,
    1746.5188333414396,
    1880.094014871106,
    1512.9054927201078,
    1926.531888214707,
    2170.7048091012475,
    561.9191815826227,
    2163.5471122176027,
    484.0471750385174,
    1029.3069692146184,
    1203.1052445790754,
    1823.0031040583199,
    -28.566710006522662,
    1977.915580248597,
    1942.4809577278406,
    276.8073440624113,
    456.67500519209307,
    2262.344293660071,
    1244.2152324516396,
    1621.097781342471,
    1816.051271728308,
    1849.3986939930398,
    1669.540823149279,
    1725.4390912160804,
    2073.502290239556,
    1728.5872690727936,
    1461.1808953441964,
    2040.0720572371442,
    602.3004246374841,
    1635.3076731515207,
    1800.1690623142026,
    1822.381730385422,
    1234.4744141048955,
    621.3475320557559,
    1813.5034546196853,
    -46.3630039287466,
    669.4841034155183,
    1740.9291533012351,
    1697.1169476023724,
    346.292932358522,
    1576.779594684895,
    1616.3919834471117,
    1774.657243463009,
    1596.500613677445,
    833.3957590871725,
    63.27040122929685,
    1847.468477793535,
    1614.063331193627,
    2195.920242795797,
    1783.437791685308,
    393.50925806643056,
    -57.2693553027295,
    196.34280372168456,
    1236.6099651924246,
    1429.7260710560008,
    2.992701737529033,
    682.5839160247309,
    1851.2339486819474,
    1701.1251961970431,
    197.04282621580828,
    1192.300463511301,
    1714.0810117322628,
    46.43653943838118,
    1457.473866358806,
    1573.6690663677423,
    669.907553961774,
    1968.0668630606926,
    508.87493729709024,
    559.0182478798774,
    1841.9163980000192,
    204.36984596034355,
    1654.9501912988087,
    1814.4237610288749,
    1708.5729964086477,
    547.8508977791624,
    1852.2779553747084,
    1835.3232543179186,
    2015.2102635600033,
    650.9573363253154,
    898.8925379774643,
    1823.0527560954254,
    1675.8163462034993,
    1951.0831183439811,
    1810.64914783867,
    474.7090688353963,
    2088.7479112112437,
    819.9393127987629,
    2000.1763272239875,
    1907.550790332453,
    2028.190979598788,
    563.5163123531706,
    90.26933266963886,
    -38.2917701479265,
    2017.783595188133,
    1780.2201103934613,
    1752.8936000899837,
    2077.227813499627,
    1834.1885482305136,
    1762.9753857419778,
    1545.4728767260303,
    947.6967464020926,
    413.0672900067446,
    1714.6130788407831,
    89.00697746837872,
    1439.8910936543696,
    1756.6351784804344,
    1455.2449018157556,
    679.7250432742591,
    1441.488513646045,
    1612.2745404758712,
    877.507300722173,
    1584.039938928378,
    1569.9900154385857,
    1420.449441303599,
    2201.337278814486,
    2265.361404233942,
    1761.0982964597881,
    1615.2555133835572,
    1119.4342779655342,
    1469.346438134098,
    819.3054003428675,
    487.9523724334085,
    1863.9861715295635,
    735.2079684393993,
    -2.651299632172921,
    491.3724854859234,
    -32.7309830257227,
    1745.966395857156,
    1857.9556494690414,
    1036.5255014123911,
    1867.7244619504986,
    1763.8262723302175,
    1550.7324468873662,
    1820.435051160949,
    1688.6048785930948,
    198.0012078776464,
    355.77037685942116,
    1918.435155500847,
    1611.6527096827492,
    1697.9871311925033,
    1015.3009614074555,
    144.17219387245896,
    1201.8223316422227,
    1465.3455437856546,
    763.4223228766933,
    1305.034278125495,
    1505.3223244234666,
    -6.275808866995018,
    1671.0327888331308,
    -27.15642836108819,
    1823.5474659124086,
    1734.2340538947528,
    111.06788919857073,
    965.5408280902132,
    1320.4519007916706,
    1651.1596871298705,
    1198.4487364528402,
    1659.0034388162424,
    910.619539660338,
    1804.4821972948384,
    2253.9065701468985,
    -46.00980647925037,
    1860.9279698797318,
    1745.0211760589852,
    1831.2068979829082,
    2042.7387503823031,
    1829.3721726526253,
    58.952679623185844,
    897.2889528557911,
    1169.2550052725712,
    1937.745437039052,
    202.94084741692208,
    533.3182639267255,
    1778.2317969853552,
    181.3018256237775,
    1239.7057284193825,
    1871.2521169190259,
    1929.1035442832722,
    1453.4055720781569,
    2059.4295204220325,
    -41.092786501189735,
    620.9102458964761,
    2017.6672834142207,
    37.69613415249905,
    450.80573722321003,
    1628.8133180943612,
    1674.8973770180257,
    1641.9118849067745,
    203.6966966564375,
    1509.4017085895287,
    658.9354724797779,
    -3.4983720021910534,
    623.3101616425278,
    1943.507052167248,
    1836.9294487633103,
    260.17270349523943,
    1649.901982641514,
    436.64228692009254,
    1538.8058595396312,
    2130.244950529301,
    1852.3260210719473,
    1887.758736975633,
    1462.7222525999687,
    2050.9494249945537,
    1822.2386945575872,
    1773.4086524194959,
    1866.4576688444668,
    2284.9117795737448,
    1624.015345657066,
    1268.776436597704,
    1815.8286972142173,
    2057.083947489839,
    1865.985270404084,
    1843.6693085438992,
    2080.7541912814854,
    1885.9033014033212,
    1772.7004242605187,
    1996.1736378015644,
    1879.6912781723706,
    598.0356423441992,
    543.1192219430093,
    258.6280495703074,
    1273.5610520207542,
    74.56869647304978,
    485.2850191391351,
    1448.3182003425518,
    904.7528946763077,
    598.1150200329469,
    1460.469767699406,
    1944.3926012703716,
    1645.8375688632286,
    984.251536963175,
    -6.818802518894926,
    59.64691799632881,
    319.7310831477925,
    971.0739539890858,
    1969.61016063276,
    1438.9038426750287,
    354.97745612063903,
    1853.1551142663568,
    712.4130126369638,
    401.55277239703236,
    1623.8983751159735,
    1826.0876860207375,
    1022.6086763286346,
    1181.1651408504977,
    1928.4529956193737,
    945.7915966541593,
    -41.48948552561664,
    45.624824650118796,
    1938.5672772108287,
    1578.3369314136862,
    436.1382763692709,
    566.2303893222119,
    1514.648674351615,
    522.6952446184474,
    2218.9161899046694,
    1134.7782697390458,
    -27.028112885317405,
    1684.369991215736,
    1464.4375067987178,
    1014.3768015496418,
    -4.2095199387263555,
    106.26081981713921,
    6.359447129513643,
    386.9340240003332,
    1882.6381441607202,
    303.6213243042868,
    1545.1796193460518,
    130.87393744894413,
    1527.8048330575741,
    -3.146739451918088,
    964.3083096178688,
    2239.5342442149704,
    487.23530649394826,
    1862.7728762804804,
    1599.305751342363,
    974.5481044692133,
    1773.0793787978039,
    360.54787572641965,
    1350.922873110899,
    1689.5397331808508,
    1878.09613351661,
    1775.1338875193117,
    1705.9568161293234,
    23.51040078313909,
    1011.985322627162,
    1772.0298790342388,
    1597.8312856723621,
    -6.591073413430622,
    1774.607656903718,
    1582.9399672818477,
    365.314333714213,
    1876.7524507815115,
    1620.605868781252,
    2005.7062706881525,
    1642.5019392970703,
    1822.0780681809508,
    400.9554195869765,
    974.3487409642121,
    1553.6978234990993,
    1675.3937852022411,
    1830.5062006965825,
    245.63806339560549,
    1701.2416758733289,
    1576.3231458978905,
    1464.5769261344383,
    1610.4426160968933,
    1000.1758922996285,
